 [{"numericCode":0,"name":"Republic of Kosovo","region":"Europe","subregion":"Eastern Europe","population":1733842},{"numericCode":4,"name":"Afghanistan","region":"Asia","subregion":"Southern Asia","population":27657145},{"numericCode":8,"name":"Albania","region":"Europe","subregion":"Southern Europe","population":2886026},{"numericCode":10,"name":"Antarctica","region":"Polar","subregion":"","population":1000},{"numericCode":12,"name":"Algeria","region":"Africa","subregion":"Northern Africa","population":40400000},{"numericCode":16,"name":"American Samoa","region":"Oceania","subregion":"Polynesia","population":57100},{"numericCode":20,"name":"Andorra","region":"Europe","subregion":"Southern Europe","population":78014},{"numericCode":24,"name":"Angola","region":"Africa","subregion":"Middle Africa","population":25868000},{"numericCode":28,"name":"Antigua and Barbuda","region":"Americas","subregion":"Caribbean","population":86295},{"numericCode":31,"name":"Azerbaijan","region":"Asia","subregion":"Western Asia","population":9730500},{"numericCode":32,"name":"Argentina","region":"Americas","subregion":"South America","population":43590400},{"numericCode":36,"name":"Australia","region":"Oceania","subregion":"Australia and New Zealand","population":24117360},{"numericCode":40,"name":"Austria","region":"Europe","subregion":"Western Europe","population":8725931},{"numericCode":44,"name":"Bahamas","region":"Americas","subregion":"Caribbean","population":378040},{"numericCode":48,"name":"Bahrain","region":"Asia","subregion":"Western Asia","population":1404900},{"numericCode":50,"name":"Bangladesh","region":"Asia","subregion":"Southern Asia","population":161006790},{"numericCode":51,"name":"Armenia","region":"Asia","subregion":"Western Asia","population":2994400},{"numericCode":52,"name":"Barbados","region":"Americas","subregion":"Caribbean","population":285000},{"numericCode":56,"name":"Belgium","region":"Europe","subregion":"Western Europe","population":11319511},{"numericCode":60,"name":"Bermuda","region":"Americas","subregion":"Northern America","population":61954},{"numericCode":64,"name":"Bhutan","region":"Asia","subregion":"Southern Asia","population":775620},{"numericCode":68,"name":"Bolivia (Plurinational State of)","region":"Americas","subregion":"South America","population":10985059},{"numericCode":70,"name":"Bosnia and Herzegovina","region":"Europe","subregion":"Southern Europe","population":3531159},{"numericCode":72,"name":"Botswana","region":"Africa","subregion":"Southern Africa","population":2141206},{"numericCode":74,"name":"Bouvet Island","region":"","subregion":"","population":0},{"numericCode":76,"name":"Brazil","region":"Americas","subregion":"South America","population":206135893},{"numericCode":84,"name":"Belize","region":"Americas","subregion":"Central America","population":370300},{"numericCode":86,"name":"British Indian Ocean Territory","region":"Africa","subregion":"Eastern Africa","population":3000},{"numericCode":90,"name":"Solomon Islands","region":"Oceania","subregion":"Melanesia","population":642000},{"numericCode":92,"name":"Virgin Islands (British)","region":"Americas","subregion":"Caribbean","population":28514},{"numericCode":96,"name":"Brunei Darussalam","region":"Asia","subregion":"South-Eastern Asia","population":411900},{"numericCode":100,"name":"Bulgaria","region":"Europe","subregion":"Eastern Europe","population":7153784},{"numericCode":104,"name":"Myanmar","region":"Asia","subregion":"South-Eastern Asia","population":51419420},{"numericCode":108,"name":"Burundi","region":"Africa","subregion":"Eastern Africa","population":10114505},{"numericCode":112,"name":"Belarus","region":"Europe","subregion":"Eastern Europe","population":9498700},{"numericCode":116,"name":"Cambodia","region":"Asia","subregion":"South-Eastern Asia","population":15626444},{"numericCode":120,"name":"Cameroon","region":"Africa","subregion":"Middle Africa","population":22709892},{"numericCode":124,"name":"Canada","region":"Americas","subregion":"Northern America","population":36155487},{"numericCode":132,"name":"Cabo Verde","region":"Africa","subregion":"Western Africa","population":531239},{"numericCode":136,"name":"Cayman Islands","region":"Americas","subregion":"Caribbean","population":58238},{"numericCode":140,"name":"Central African Republic","region":"Africa","subregion":"Middle Africa","population":4998000},{"numericCode":144,"name":"Sri Lanka","region":"Asia","subregion":"Southern Asia","population":20966000},{"numericCode":148,"name":"Chad","region":"Africa","subregion":"Middle Africa","population":14497000},{"numericCode":152,"name":"Chile","region":"Americas","subregion":"South America","population":18191900},{"numericCode":156,"name":"China","region":"Asia","subregion":"Eastern Asia","population":1377422166},{"numericCode":158,"name":"Taiwan","region":"Asia","subregion":"Eastern Asia","population":23503349},{"numericCode":162,"name":"Christmas Island","region":"Oceania","subregion":"Australia and New Zealand","population":2072},{"numericCode":166,"name":"Cocos (Keeling) Islands","region":"Oceania","subregion":"Australia and New Zealand","population":550},{"numericCode":170,"name":"Colombia","region":"Americas","subregion":"South America","population":48759958},{"numericCode":174,"name":"Comoros","region":"Africa","subregion":"Eastern Africa","population":806153},{"numericCode":175,"name":"Mayotte","region":"Africa","subregion":"Eastern Africa","population":226915},{"numericCode":178,"name":"Congo","region":"Africa","subregion":"Middle Africa","population":4741000},{"numericCode":180,"name":"Congo (Democratic Republic of the)","region":"Africa","subregion":"Middle Africa","population":85026000},{"numericCode":184,"name":"Cook Islands","region":"Oceania","subregion":"Polynesia","population":18100},{"numericCode":188,"name":"Costa Rica","region":"Americas","subregion":"Central America","population":4890379},{"numericCode":191,"name":"Croatia","region":"Europe","subregion":"Southern Europe","population":4190669},{"numericCode":192,"name":"Cuba","region":"Americas","subregion":"Caribbean","population":11239004},{"numericCode":196,"name":"Cyprus","region":"Europe","subregion":"Southern Europe","population":847000},{"numericCode":203,"name":"Czech Republic","region":"Europe","subregion":"Eastern Europe","population":10558524},{"numericCode":204,"name":"Benin","region":"Africa","subregion":"Western Africa","population":10653654},{"numericCode":208,"name":"Denmark","region":"Europe","subregion":"Northern Europe","population":5717014},{"numericCode":212,"name":"Dominica","region":"Americas","subregion":"Caribbean","population":71293},{"numericCode":214,"name":"Dominican Republic","region":"Americas","subregion":"Caribbean","population":10075045},{"numericCode":218,"name":"Ecuador","region":"Americas","subregion":"South America","population":16545799},{"numericCode":222,"name":"El Salvador","region":"Americas","subregion":"Central America","population":6520675},{"numericCode":226,"name":"Equatorial Guinea","region":"Africa","subregion":"Middle Africa","population":1222442},{"numericCode":231,"name":"Ethiopia","region":"Africa","subregion":"Eastern Africa","population":92206005},{"numericCode":232,"name":"Eritrea","region":"Africa","subregion":"Eastern Africa","population":5352000},{"numericCode":233,"name":"Estonia","region":"Europe","subregion":"Northern Europe","population":1315944},{"numericCode":234,"name":"Faroe Islands","region":"Europe","subregion":"Northern Europe","population":49376},{"numericCode":238,"name":"Falkland Islands (Malvinas)","region":"Americas","subregion":"South America","population":2563},{"numericCode":239,"name":"South Georgia and the South Sandwich Islands","region":"Americas","subregion":"South America","population":30},{"numericCode":242,"name":"Fiji","region":"Oceania","subregion":"Melanesia","population":867000},{"numericCode":246,"name":"Finland","region":"Europe","subregion":"Northern Europe","population":5491817},{"numericCode":248,"name":"Åland Islands","region":"Europe","subregion":"Northern Europe","population":28875},{"numericCode":250,"name":"France","region":"Europe","subregion":"Western Europe","population":66710000},{"numericCode":254,"name":"French Guiana","region":"Americas","subregion":"South America","population":254541},{"numericCode":258,"name":"French Polynesia","region":"Oceania","subregion":"Polynesia","population":271800},{"numericCode":260,"name":"French Southern Territories","region":"Africa","subregion":"Southern Africa","population":140},{"numericCode":262,"name":"Djibouti","region":"Africa","subregion":"Eastern Africa","population":900000},{"numericCode":266,"name":"Gabon","region":"Africa","subregion":"Middle Africa","population":1802278},{"numericCode":268,"name":"Georgia","region":"Asia","subregion":"Western Asia","population":3720400},{"numericCode":270,"name":"Gambia","region":"Africa","subregion":"Western Africa","population":1882450},{"numericCode":275,"name":"Palestine, State of","region":"Asia","subregion":"Western Asia","population":4682467},{"numericCode":276,"name":"Germany","region":"Europe","subregion":"Western Europe","population":81770900},{"numericCode":288,"name":"Ghana","region":"Africa","subregion":"Western Africa","population":27670174},{"numericCode":292,"name":"Gibraltar","region":"Europe","subregion":"Southern Europe","population":33140},{"numericCode":296,"name":"Kiribati","region":"Oceania","subregion":"Micronesia","population":113400},{"numericCode":300,"name":"Greece","region":"Europe","subregion":"Southern Europe","population":10858018},{"numericCode":304,"name":"Greenland","region":"Americas","subregion":"Northern America","population":55847},{"numericCode":308,"name":"Grenada","region":"Americas","subregion":"Caribbean","population":103328},{"numericCode":312,"name":"Guadeloupe","region":"Americas","subregion":"Caribbean","population":400132},{"numericCode":316,"name":"Guam","region":"Oceania","subregion":"Micronesia","population":184200},{"numericCode":320,"name":"Guatemala","region":"Americas","subregion":"Central America","population":16176133},{"numericCode":324,"name":"Guinea","region":"Africa","subregion":"Western Africa","population":12947000},{"numericCode":328,"name":"Guyana","region":"Americas","subregion":"South America","population":746900},{"numericCode":332,"name":"Haiti","region":"Americas","subregion":"Caribbean","population":11078033},{"numericCode":334,"name":"Heard Island and McDonald Islands","region":"","subregion":"","population":0},{"numericCode":336,"name":"Holy See","region":"Europe","subregion":"Southern Europe","population":451},{"numericCode":340,"name":"Honduras","region":"Americas","subregion":"Central America","population":8576532},{"numericCode":344,"name":"Hong Kong","region":"Asia","subregion":"Eastern Asia","population":7324300},{"numericCode":348,"name":"Hungary","region":"Europe","subregion":"Eastern Europe","population":9823000},{"numericCode":352,"name":"Iceland","region":"Europe","subregion":"Northern Europe","population":334300},{"numericCode":356,"name":"India","region":"Asia","subregion":"Southern Asia","population":1295210000},{"numericCode":360,"name":"Indonesia","region":"Asia","subregion":"South-Eastern Asia","population":258705000},{"numericCode":364,"name":"Iran (Islamic Republic of)","region":"Asia","subregion":"Southern Asia","population":79369900},{"numericCode":368,"name":"Iraq","region":"Asia","subregion":"Western Asia","population":37883543},{"numericCode":372,"name":"Ireland","region":"Europe","subregion":"Northern Europe","population":6378000},{"numericCode":376,"name":"Israel","region":"Asia","subregion":"Western Asia","population":8527400},{"numericCode":380,"name":"Italy","region":"Europe","subregion":"Southern Europe","population":60665551},{"numericCode":384,"name":"Côte d\u0027Ivoire","region":"Africa","subregion":"Western Africa","population":22671331},{"numericCode":388,"name":"Jamaica","region":"Americas","subregion":"Caribbean","population":2723246},{"numericCode":392,"name":"Japan","region":"Asia","subregion":"Eastern Asia","population":126960000},{"numericCode":398,"name":"Kazakhstan","region":"Asia","subregion":"Central Asia","population":17753200},{"numericCode":400,"name":"Jordan","region":"Asia","subregion":"Western Asia","population":9531712},{"numericCode":404,"name":"Kenya","region":"Africa","subregion":"Eastern Africa","population":47251000},{"numericCode":408,"name":"Korea (Democratic People\u0027s Republic of)","region":"Asia","subregion":"Eastern Asia","population":25281000},{"numericCode":410,"name":"Korea (Republic of)","region":"Asia","subregion":"Eastern Asia","population":50801405},{"numericCode":414,"name":"Kuwait","region":"Asia","subregion":"Western Asia","population":4183658},{"numericCode":417,"name":"Kyrgyzstan","region":"Asia","subregion":"Central Asia","population":6047800},{"numericCode":418,"name":"Lao People\u0027s Democratic Republic","region":"Asia","subregion":"South-Eastern Asia","population":6492400},{"numericCode":422,"name":"Lebanon","region":"Asia","subregion":"Western Asia","population":5988000},{"numericCode":426,"name":"Lesotho","region":"Africa","subregion":"Southern Africa","population":1894194},{"numericCode":428,"name":"Latvia","region":"Europe","subregion":"Northern Europe","population":1961600},{"numericCode":430,"name":"Liberia","region":"Africa","subregion":"Western Africa","population":4615000},{"numericCode":434,"name":"Libya","region":"Africa","subregion":"Northern Africa","population":6385000},{"numericCode":438,"name":"Liechtenstein","region":"Europe","subregion":"Western Europe","population":37623},{"numericCode":440,"name":"Lithuania","region":"Europe","subregion":"Northern Europe","population":2872294},{"numericCode":442,"name":"Luxembourg","region":"Europe","subregion":"Western Europe","population":576200},{"numericCode":446,"name":"Macao","region":"Asia","subregion":"Eastern Asia","population":649100},{"numericCode":450,"name":"Madagascar","region":"Africa","subregion":"Eastern Africa","population":22434363},{"numericCode":454,"name":"Malawi","region":"Africa","subregion":"Eastern Africa","population":16832910},{"numericCode":458,"name":"Malaysia","region":"Asia","subregion":"South-Eastern Asia","population":31405416},{"numericCode":462,"name":"Maldives","region":"Asia","subregion":"Southern Asia","population":344023},{"numericCode":466,"name":"Mali","region":"Africa","subregion":"Western Africa","population":18135000},{"numericCode":470,"name":"Malta","region":"Europe","subregion":"Southern Europe","population":425384},{"numericCode":474,"name":"Martinique","region":"Americas","subregion":"Caribbean","population":378243},{"numericCode":478,"name":"Mauritania","region":"Africa","subregion":"Western Africa","population":3718678},{"numericCode":480,"name":"Mauritius","region":"Africa","subregion":"Eastern Africa","population":1262879},{"numericCode":484,"name":"Mexico","region":"Americas","subregion":"Central America","population":122273473},{"numericCode":492,"name":"Monaco","region":"Europe","subregion":"Western Europe","population":38400},{"numericCode":496,"name":"Mongolia","region":"Asia","subregion":"Eastern Asia","population":3093100},{"numericCode":498,"name":"Moldova (Republic of)","region":"Europe","subregion":"Eastern Europe","population":3553100},{"numericCode":499,"name":"Montenegro","region":"Europe","subregion":"Southern Europe","population":621810},{"numericCode":500,"name":"Montserrat","region":"Americas","subregion":"Caribbean","population":4922},{"numericCode":504,"name":"Morocco","region":"Africa","subregion":"Northern Africa","population":33337529},{"numericCode":508,"name":"Mozambique","region":"Africa","subregion":"Eastern Africa","population":26423700},{"numericCode":512,"name":"Oman","region":"Asia","subregion":"Western Asia","population":4420133},{"numericCode":516,"name":"Namibia","region":"Africa","subregion":"Southern Africa","population":2324388},{"numericCode":520,"name":"Nauru","region":"Oceania","subregion":"Micronesia","population":10084},{"numericCode":524,"name":"Nepal","region":"Asia","subregion":"Southern Asia","population":28431500},{"numericCode":528,"name":"Netherlands","region":"Europe","subregion":"Western Europe","population":17019800},{"numericCode":531,"name":"Curaçao","region":"Americas","subregion":"Caribbean","population":154843},{"numericCode":533,"name":"Aruba","region":"Americas","subregion":"Caribbean","population":107394},{"numericCode":534,"name":"Sint Maarten (Dutch part)","region":"Americas","subregion":"Caribbean","population":38247},{"numericCode":535,"name":"Bonaire, Sint Eustatius and Saba","region":"Americas","subregion":"Caribbean","population":17408},{"numericCode":540,"name":"New Caledonia","region":"Oceania","subregion":"Melanesia","population":268767},{"numericCode":548,"name":"Vanuatu","region":"Oceania","subregion":"Melanesia","population":277500},{"numericCode":554,"name":"New Zealand","region":"Oceania","subregion":"Australia and New Zealand","population":4697854},{"numericCode":558,"name":"Nicaragua","region":"Americas","subregion":"Central America","population":6262703},{"numericCode":562,"name":"Niger","region":"Africa","subregion":"Western Africa","population":20715000},{"numericCode":566,"name":"Nigeria","region":"Africa","subregion":"Western Africa","population":186988000},{"numericCode":570,"name":"Niue","region":"Oceania","subregion":"Polynesia","population":1470},{"numericCode":574,"name":"Norfolk Island","region":"Oceania","subregion":"Australia and New Zealand","population":2302},{"numericCode":578,"name":"Norway","region":"Europe","subregion":"Northern Europe","population":5223256},{"numericCode":580,"name":"Northern Mariana Islands","region":"Oceania","subregion":"Micronesia","population":56940},{"numericCode":581,"name":"United States Minor Outlying Islands","region":"Americas","subregion":"Northern America","population":300},{"numericCode":583,"name":"Micronesia (Federated States of)","region":"Oceania","subregion":"Micronesia","population":102800},{"numericCode":584,"name":"Marshall Islands","region":"Oceania","subregion":"Micronesia","population":54880},{"numericCode":585,"name":"Palau","region":"Oceania","subregion":"Micronesia","population":17950},{"numericCode":586,"name":"Pakistan","region":"Asia","subregion":"Southern Asia","population":194125062},{"numericCode":591,"name":"Panama","region":"Americas","subregion":"Central America","population":3814672},{"numericCode":598,"name":"Papua New Guinea","region":"Oceania","subregion":"Melanesia","population":8083700},{"numericCode":600,"name":"Paraguay","region":"Americas","subregion":"South America","population":6854536},{"numericCode":604,"name":"Peru","region":"Americas","subregion":"South America","population":31488700},{"numericCode":608,"name":"Philippines","region":"Asia","subregion":"South-Eastern Asia","population":103279800},{"numericCode":612,"name":"Pitcairn","region":"Oceania","subregion":"Polynesia","population":56},{"numericCode":616,"name":"Poland","region":"Europe","subregion":"Eastern Europe","population":38437239},{"numericCode":620,"name":"Portugal","region":"Europe","subregion":"Southern Europe","population":10374822},{"numericCode":624,"name":"Guinea-Bissau","region":"Africa","subregion":"Western Africa","population":1547777},{"numericCode":626,"name":"Timor-Leste","region":"Asia","subregion":"South-Eastern Asia","population":1167242},{"numericCode":630,"name":"Puerto Rico","region":"Americas","subregion":"Caribbean","population":3474182},{"numericCode":634,"name":"Qatar","region":"Asia","subregion":"Western Asia","population":2587564},{"numericCode":638,"name":"Réunion","region":"Africa","subregion":"Eastern Africa","population":840974},{"numericCode":642,"name":"Romania","region":"Europe","subregion":"Eastern Europe","population":19861408},{"numericCode":643,"name":"Russian Federation","region":"Europe","subregion":"Eastern Europe","population":146599183},{"numericCode":646,"name":"Rwanda","region":"Africa","subregion":"Eastern Africa","population":11553188},{"numericCode":652,"name":"Saint Barthélemy","region":"Americas","subregion":"Caribbean","population":9417},{"numericCode":654,"name":"Saint Helena, Ascension and Tristan da Cunha","region":"Africa","subregion":"Western Africa","population":4255},{"numericCode":659,"name":"Saint Kitts and Nevis","region":"Americas","subregion":"Caribbean","population":46204},{"numericCode":660,"name":"Anguilla","region":"Americas","subregion":"Caribbean","population":13452},{"numericCode":662,"name":"Saint Lucia","region":"Americas","subregion":"Caribbean","population":186000},{"numericCode":663,"name":"Saint Martin (French part)","region":"Americas","subregion":"Caribbean","population":36979},{"numericCode":666,"name":"Saint Pierre and Miquelon","region":"Americas","subregion":"Northern America","population":6069},{"numericCode":670,"name":"Saint Vincent and the Grenadines","region":"Americas","subregion":"Caribbean","population":109991},{"numericCode":674,"name":"San Marino","region":"Europe","subregion":"Southern Europe","population":33005},{"numericCode":678,"name":"Sao Tome and Principe","region":"Africa","subregion":"Middle Africa","population":187356},{"numericCode":682,"name":"Saudi Arabia","region":"Asia","subregion":"Western Asia","population":32248200},{"numericCode":686,"name":"Senegal","region":"Africa","subregion":"Western Africa","population":14799859},{"numericCode":688,"name":"Serbia","region":"Europe","subregion":"Southern Europe","population":7076372},{"numericCode":690,"name":"Seychelles","region":"Africa","subregion":"Eastern Africa","population":91400},{"numericCode":694,"name":"Sierra Leone","region":"Africa","subregion":"Western Africa","population":7075641},{"numericCode":702,"name":"Singapore","region":"Asia","subregion":"South-Eastern Asia","population":5535000},{"numericCode":703,"name":"Slovakia","region":"Europe","subregion":"Eastern Europe","population":5426252},{"numericCode":704,"name":"Viet Nam","region":"Asia","subregion":"South-Eastern Asia","population":92700000},{"numericCode":705,"name":"Slovenia","region":"Europe","subregion":"Southern Europe","population":2064188},{"numericCode":706,"name":"Somalia","region":"Africa","subregion":"Eastern Africa","population":11079000},{"numericCode":710,"name":"South Africa","region":"Africa","subregion":"Southern Africa","population":55653654},{"numericCode":716,"name":"Zimbabwe","region":"Africa","subregion":"Eastern Africa","population":14240168},{"numericCode":724,"name":"Spain","region":"Europe","subregion":"Southern Europe","population":46438422},{"numericCode":728,"name":"South Sudan","region":"Africa","subregion":"Middle Africa","population":12131000},{"numericCode":729,"name":"Sudan","region":"Africa","subregion":"Northern Africa","population":39598700},{"numericCode":732,"name":"Western Sahara","region":"Africa","subregion":"Northern Africa","population":510713},{"numericCode":740,"name":"Suriname","region":"Americas","subregion":"South America","population":541638},{"numericCode":744,"name":"Svalbard and Jan Mayen","region":"Europe","subregion":"Northern Europe","population":2562},{"numericCode":748,"name":"Swaziland","region":"Africa","subregion":"Southern Africa","population":1132657},{"numericCode":752,"name":"Sweden","region":"Europe","subregion":"Northern Europe","population":9894888},{"numericCode":756,"name":"Switzerland","region":"Europe","subregion":"Western Europe","population":8341600},{"numericCode":760,"name":"Syrian Arab Republic","region":"Asia","subregion":"Western Asia","population":18564000},{"numericCode":762,"name":"Tajikistan","region":"Asia","subregion":"Central Asia","population":8593600},{"numericCode":764,"name":"Thailand","region":"Asia","subregion":"South-Eastern Asia","population":65327652},{"numericCode":768,"name":"Togo","region":"Africa","subregion":"Western Africa","population":7143000},{"numericCode":772,"name":"Tokelau","region":"Oceania","subregion":"Polynesia","population":1411},{"numericCode":776,"name":"Tonga","region":"Oceania","subregion":"Polynesia","population":103252},{"numericCode":780,"name":"Trinidad and Tobago","region":"Americas","subregion":"Caribbean","population":1349667},{"numericCode":784,"name":"United Arab Emirates","region":"Asia","subregion":"Western Asia","population":9856000},{"numericCode":788,"name":"Tunisia","region":"Africa","subregion":"Northern Africa","population":11154400},{"numericCode":792,"name":"Turkey","region":"Asia","subregion":"Western Asia","population":78741053},{"numericCode":795,"name":"Turkmenistan","region":"Asia","subregion":"Central Asia","population":4751120},{"numericCode":796,"name":"Turks and Caicos Islands","region":"Americas","subregion":"Caribbean","population":31458},{"numericCode":798,"name":"Tuvalu","region":"Oceania","subregion":"Polynesia","population":10640},{"numericCode":800,"name":"Uganda","region":"Africa","subregion":"Eastern Africa","population":33860700},{"numericCode":804,"name":"Ukraine","region":"Europe","subregion":"Eastern Europe","population":42692393},{"numericCode":807,"name":"Macedonia (the former Yugoslav Republic of)","region":"Europe","subregion":"Southern Europe","population":2058539},{"numericCode":818,"name":"Egypt","region":"Africa","subregion":"Northern Africa","population":91290000},{"numericCode":826,"name":"United Kingdom of Great Britain and Northern Ireland","region":"Europe","subregion":"Northern Europe","population":65110000},{"numericCode":831,"name":"Guernsey","region":"Europe","subregion":"Northern Europe","population":62999},{"numericCode":832,"name":"Jersey","region":"Europe","subregion":"Northern Europe","population":100800},{"numericCode":833,"name":"Isle of Man","region":"Europe","subregion":"Northern Europe","population":84497},{"numericCode":834,"name":"Tanzania, United Republic of","region":"Africa","subregion":"Eastern Africa","population":55155000},{"numericCode":840,"name":"United States of America","region":"Americas","subregion":"Northern America","population":323947000},{"numericCode":850,"name":"Virgin Islands (U.S.)","region":"Americas","subregion":"Caribbean","population":114743},{"numericCode":854,"name":"Burkina Faso","region":"Africa","subregion":"Western Africa","population":19034397},{"numericCode":858,"name":"Uruguay","region":"Americas","subregion":"South America","population":3480222},{"numericCode":860,"name":"Uzbekistan","region":"Asia","subregion":"Central Asia","population":31576400},{"numericCode":862,"name":"Venezuela (Bolivarian Republic of)","region":"Americas","subregion":"South America","population":31028700},{"numericCode":876,"name":"Wallis and Futuna","region":"Oceania","subregion":"Polynesia","population":11750},{"numericCode":882,"name":"Samoa","region":"Oceania","subregion":"Polynesia","population":194899},{"numericCode":887,"name":"Yemen","region":"Asia","subregion":"Western Asia","population":27478000},{"numericCode":894,"name":"Zambia","region":"Africa","subregion":"Eastern Africa","population":15933883}]